ID,Year,Month,French Way,Via de la Plata,Primitive Way,Portuguese Way,Northern Way,English Way,Other Ways,Muxia-Finisterre,Total,Spain,Germany,Italy,United States,Portugal,France,other_countries,Students,Workers,Freelancers,Employees,Teachers,Retirees,Technicians,Public_Servants,Unemployed,Housewives,other_works,<40,=>40,Europa,Oceania,Asia,Africa,America,Religious,Non-Religious,Foot,Bicycle,Other trans,Men,Women
200401,2004,1,566,25,17,16,14,5,0,0,643,546,14,12,13,0,9,50,144,94,87,64,54,50,47,34,23,22,24,587,56,608,10,5,0,20,612,31,599,44,0,454,189
200402,2004,2,1124,20,0,178,41,34,4,0,1401,1146,32,7,13,58,21,126,486,143,185,113,82,45,133,91,29,45,49,1351,50,1332,2,3,3,61,1340,61,1325,73,3,910,491
200403,2004,3,2349,92,9,411,103,141,0,0,3105,2703,114,20,30,22,23,196,822,376,349,358,132,157,283,251,81,210,86,2918,187,2986,4,15,0,100,2908,197,2864,201,40,1838,1267
200404,2004,4,12024,735,100,2132,256,290,17,0,15554,12745,458,154,171,489,408,1133,4552,1442,1968,2097,1050,829,1386,813,240,833,344,14570,984,14934,38,27,12,543,14312,1242,14172,1282,100,8437,7117
200405,2004,5,13485,704,120,1661,545,326,18,1,16860,11210,1221,514,284,226,1097,2313,1196,1047,2512,3626,598,2640,1940,1220,255,1334,492,14030,2830,15629,108,24,19,1080,15783,1077,14312,2363,185,9778,7082
200406,2004,6,15983,803,315,1181,740,258,15,0,19295,13236,1157,676,437,251,961,2583,2163,1371,2700,3738,857,2486,2320,1467,329,1276,588,16477,2818,17831,95,53,26,1290,18331,964,15632,3476,187,11223,8072
200407,2004,7,24798,1384,478,2947,1891,364,29,0,31891,25724,766,955,434,401,991,2627,12030,1391,2985,3855,3119,1546,2668,1729,274,1443,851,30132,1759,30615,55,67,31,1123,30162,1729,28124,3404,363,17096,14795
200408,2004,8,31264,3830,3800,3426,1962,1045,27,247,45601,36700,892,4071,124,716,1075,2031,15568,3219,5320,7109,3909,963,4154,1581,0,1754,2024,44303,1298,44785,25,59,21,711,43411,2190,39977,5229,395,25014,20587
200409,2004,9,18919,777,303,1767,630,324,22,10,22752,16547,1200,861,232,535,956,2430,4841,1289,2965,4270,934,2053,2714,1410,270,1241,765,20417,2335,21544,93,52,17,1046,21386,1366,19312,3191,249,12737,10015
200410,2004,10,11964,684,203,1148,436,107,12,2,14556,9833,843,335,215,419,789,2132,2372,782,2325,2491,615,1530,1857,957,242,922,463,12908,1648,13169,104,44,24,1215,13716,840,12951,1496,109,8337,6219
200411,2004,11,3512,180,87,379,146,98,0,8,4410,3306,95,0,54,73,191,702,386,410,724,916,222,322,491,271,108,374,186,4040,370,3914,27,17,1,451,4196,214,4066,308,36,2454,1956
200412,2004,12,2649,98,149,588,206,100,0,12,3802,3430,24,31,21,54,45,209,557,457,532,655,227,179,477,221,69,306,122,3580,222,3658,13,12,0,119,3627,175,3555,183,64,2105,1697
200501,2005,1,226,9,1,21,8,3,0,1,269,165,6,16,18,4,14,47,49,28,43,38,17,14,30,13,11,0,26,260,9,229,4,2,0,34,242,27,244,24,1,196,73
200502,2005,2,478,20,5,54,4,3,1,0,565,392,26,8,4,65,18,54,157,18,58,142,33,16,40,17,16,46,22,542,23,536,1,14,0,14,544,21,539,26,0,333,232
200503,2005,3,2425,129,86,301,118,57,2,3,3121,2181,193,89,57,201,38,365,1300,173,323,351,266,71,320,121,36,78,82,3029,92,2898,13,26,2,182,2791,330,2790,321,10,1875,1246
200504,2005,4,2661,148,32,406,41,16,2,1,3307,1575,299,158,68,172,239,800,734,151,405,505,231,437,379,163,61,111,130,2835,472,3009,40,13,3,242,3020,287,2968,329,10,1944,1363
200505,2005,5,7885,493,78,564,248,36,6,0,9310,3458,1475,553,307,276,924,2322,611,405,1207,1734,383,2130,1403,534,0,392,511,7261,2049,8244,141,43,26,856,8522,788,7348,1920,42,5635,3675
200506,2005,6,10997,469,113,600,376,45,8,11,12619,5022,1461,1150,436,274,1193,3089,1151,589,1516,2198,515,2911,1729,759,223,565,463,9903,2716,11233,129,55,62,1140,11759,860,9560,3039,20,7859,4760
200507,2005,7,15693,612,311,962,970,171,36,49,18804,12867,720,1108,474,317,880,2445,6462,789,1681,2262,2416,1190,1781,911,238,541,533,17600,1204,17662,65,38,38,1001,17080,1724,15810,2918,76,10677,8127
200508,2005,8,20873,639,349,1524,1251,135,33,27,24831,17036,908,3115,167,560,887,2166,5198,1763,3194,5113,3002,691,3229,1118,292,597,634,24026,805,24079,51,69,22,610,22393,2438,19766,4991,74,14468,10363
200509,2005,9,10548,304,161,578,487,75,6,9,12168,6469,1207,863,242,361,822,2213,2172,510,1484,2404,578,1459,1614,868,212,381,486,10555,1613,11149,163,54,22,780,10863,1305,9807,2348,13,7155,5013
200510,2005,10,5980,206,49,396,205,25,8,4,6873,2666,727,276,224,299,740,1951,786,208,901,1390,352,1288,797,423,148,220,360,5612,1261,5688,137,45,22,981,6339,534,5953,905,15,4142,2731
200511,2005,11,1165,82,6,45,37,44,9,0,1388,655,110,73,41,0,122,398,98,90,218,331,59,158,176,64,75,46,73,1248,140,1149,42,16,3,178,1265,123,1269,118,1,928,460
200512,2005,12,479,30,24,56,35,41,1,2,668,442,23,21,0,28,33,133,109,69,123,96,32,26,88,41,40,0,44,639,29,592,6,13,1,56,613,55,621,44,3,495,173
200601,2006,1,259,15,5,27,14,2,0,2,324,194,18,19,0,0,16,78,31,22,62,47,31,24,43,23,11,0,30,305,19,287,1,7,1,28,283,41,299,23,2,241,83
200602,2006,2,285,11,0,33,13,8,0,1,351,244,23,9,7,12,6,52,121,19,56,42,15,20,29,8,17,0,24,333,18,326,0,1,0,24,322,29,329,22,0,225,126
200603,2006,3,944,37,8,60,40,5,1,1,1096,558,110,31,16,118,40,226,380,33,147,161,90,93,70,30,28,21,43,1028,68,983,10,10,0,93,1005,91,1020,72,4,710,386
200604,2006,4,5540,358,70,1088,291,82,11,11,7451,4550,449,244,102,750,349,1011,2442,265,867,1050,614,538,862,304,0,171,338,6892,559,7020,28,11,5,387,6731,720,6289,1135,27,4333,3118
200605,2006,5,8462,538,128,636,302,32,15,34,10147,3489,1430,729,236,292,1096,2880,639,414,1440,1854,401,2577,1289,545,250,358,380,7627,2520,8973,154,59,29,932,9418,729,8254,1862,31,6212,3935
200606,2006,6,11140,521,108,693,456,73,15,5,13011,5001,1455,1226,393,381,1264,3297,1053,563,1791,2302,600,2998,1707,851,276,429,441,10137,2874,11550,208,72,71,1110,11948,1063,9850,3112,49,8037,4974
200607,2006,7,14717,714,328,1301,1404,211,12,33,18720,12166,830,1287,437,454,1021,2532,6768,733,1675,2229,2429,1125,1785,818,197,452,509,17576,1144,17582,87,77,47,927,17015,1705,15732,2925,63,10513,8207
200608,2006,8,21465,687,761,1425,1566,242,29,8,26183,15774,1079,5054,0,606,1019,2659,6222,1790,3849,4599,3091,801,3215,925,274,602,815,25295,888,25452,41,68,21,601,23699,2484,20856,5274,53,15373,10810
200609,2006,9,11455,306,240,685,703,52,5,24,13470,6373,1617,1017,236,469,1047,2720,2189,703,1937,2368,601,2040,1838,705,228,411,450,11303,2167,12398,106,67,43,856,12246,1224,10687,2749,34,7819,5651
200610,2006,10,6556,253,109,419,296,58,5,4,7700,2878,963,346,261,242,760,2260,839,388,1145,1366,346,1484,965,356,222,255,334,6253,1447,6405,169,81,43,1002,7064,636,6681,991,28,4602,3098
200611,2006,11,1454,72,36,62,101,30,0,0,1755,849,144,91,50,24,153,455,178,170,278,327,80,221,200,73,81,62,85,1542,213,1445,62,23,9,216,1607,148,1574,168,13,1167,588
200612,2006,12,678,26,24,90,11,17,2,0,848,540,39,21,14,30,53,163,109,86,125,165,51,37,126,49,33,24,43,796,52,749,8,15,0,76,799,49,782,65,1,605,243
200701,2007,1,294,11,13,17,15,0,0,0,350,182,33,18,26,9,11,72,45,30,58,51,33,17,52,18,22,0,24,330,20,284,3,12,0,51,342,8,322,28,0,252,98
200702,2007,2,498,20,5,90,45,5,1,1,665,316,32,15,12,167,9,116,271,54,66,70,57,23,51,20,12,15,26,641,24,597,4,10,0,54,621,44,638,27,0,418,247
200703,2007,3,1405,40,14,126,58,22,14,1,1680,1005,223,47,50,59,29,270,669,119,143,204,94,122,123,76,39,34,57,1547,133,1533,5,14,1,127,1530,150,1530,138,12,1057,623
200704,2007,4,6182,448,176,1006,184,90,10,19,8115,4079,992,322,161,617,571,1377,1757,539,993,1243,723,876,1026,363,122,228,245,7142,973,7495,51,41,29,499,7330,785,6795,1283,37,4690,3425
200705,2007,5,10619,666,257,858,394,105,21,4,12924,4299,2671,799,308,323,1250,3279,779,874,1669,2311,455,3077,1827,736,211,552,433,9704,3220,11580,190,91,29,1034,12086,838,10701,2197,26,7725,5199
200706,2007,6,12849,520,240,842,588,116,18,9,15182,5369,2733,1379,468,449,1193,3597,1410,783,1870,2874,728,3382,2050,792,266,558,469,11883,3299,13398,217,141,91,1335,14102,1080,11999,3136,47,9110,6072
200707,2007,7,15509,827,569,1501,1401,253,20,76,20156,12176,1480,1498,438,438,872,3261,7006,875,1740,2559,2596,1265,1918,881,0,469,847,18698,1458,18878,77,106,44,1051,18649,1507,16959,3150,47,11295,8861
200708,2007,8,21636,716,902,1895,1813,269,28,30,27289,16330,1598,4615,205,854,948,2747,6105,2410,3499,4850,3404,882,3468,966,258,597,850,26178,1111,26333,48,161,20,727,24723,2566,21899,5297,93,15912,11377
200709,2007,9,12615,459,351,1005,687,108,27,30,15282,6806,2300,1065,251,514,1088,3267,2235,1035,1845,2819,622,2245,2289,976,221,504,491,12757,2525,13938,136,111,65,1032,13878,1404,12306,2925,51,8802,6480
200710,2007,10,8002,358,121,540,372,38,6,6,9443,3333,1566,435,203,319,841,2756,1058,575,1174,1672,484,1735,1433,490,204,254,364,7580,1863,8102,178,168,31,964,8593,850,8118,1274,51,5633,3810
200711,2007,11,1942,96,82,217,102,55,2,0,2496,1131,185,91,99,236,159,606,410,247,328,336,153,268,339,131,90,85,109,2226,270,2065,70,55,7,299,2278,218,2230,259,7,1537,959
200712,2007,12,616,42,17,43,49,25,0,3,795,478,62,25,12,27,41,162,128,95,111,140,57,28,103,43,35,21,34,764,31,712,7,15,3,58,718,77,744,51,0,559,236
200801,2008,1,240,18,5,28,10,1,2,2,306,159,34,15,8,8,6,77,62,24,43,38,28,16,32,27,17,0,19,287,19,260,3,15,0,28,267,39,288,18,0,211,95
200802,2008,2,552,28,10,97,12,4,0,0,703,345,40,20,0,137,37,126,267,65,82,79,56,29,51,36,12,9,17,681,22,628,4,17,1,53,659,44,657,46,0,486,217
200803,2008,3,3792,293,199,621,266,78,41,37,5327,3635,426,61,125,485,40,558,1606,449,534,909,483,206,643,164,82,147,104,5044,283,4960,11,35,11,310,4748,579,4665,628,34,3023,2304
200804,2008,4,4365,301,62,700,132,77,5,6,5648,2055,985,246,93,434,414,1425,990,376,706,991,320,982,629,224,102,166,162,4555,1093,5133,83,84,15,333,5212,436,4815,826,7,3391,2257
200805,2008,5,12841,875,263,1303,555,128,28,8,16001,4835,3656,1019,345,765,1170,4216,934,1024,2369,3140,698,3355,2299,811,266,565,540,12176,3825,14406,217,187,43,1148,14834,1167,12799,3150,52,9506,6495
200806,2008,6,13292,606,274,906,717,78,24,7,15904,5626,2889,1465,445,456,1181,3848,1388,1036,2139,2900,694,3517,1883,972,298,620,457,12171,3733,14127,212,199,74,1292,14608,1296,12576,3293,35,9370,6534
200807,2008,7,15937,892,575,1593,1713,341,14,1,21066,12814,1755,1470,416,398,846,3374,6778,876,2103,2643,2857,1318,2102,1014,268,524,583,19536,1530,19547,108,189,49,1173,19280,1786,18085,2937,44,11583,9483
200808,2008,8,23127,1071,798,2368,2192,338,81,21,29996,18595,1593,4853,0,905,889,3169,6877,2549,3880,5446,3500,940,3853,1058,414,628,851,28799,1197,28965,53,233,21,724,27182,2814,24192,5741,63,17558,12438
200809,2008,9,14136,559,412,1163,895,181,16,16,17378,8117,2540,1083,0,484,994,4169,2522,1021,2408,3476,684,2451,2457,1055,314,496,494,14409,2969,16011,174,164,57,972,15768,1610,14088,3224,66,10138,7240
200810,2008,10,8278,335,180,514,366,190,13,2,9878,3465,1624,431,286,0,847,3235,942,470,1493,1911,490,1788,1378,523,250,290,343,7807,2071,8303,248,222,38,1067,9093,785,8754,1097,27,5771,4107
200811,2008,11,1872,116,58,152,77,27,4,3,2309,1044,189,80,78,71,178,680,286,215,344,405,107,266,297,114,114,50,111,2024,285,1859,67,88,6,289,2116,193,2112,193,4,1543,766
200812,2008,12,634,35,17,370,19,8,1,1,1085,736,52,27,16,66,46,154,215,124,119,211,37,68,111,52,50,55,43,1006,79,997,6,22,0,60,978,107,991,94,0,660,425
200901,2009,1,420,21,25,30,21,5,1,0,523,275,36,39,9,18,16,131,108,50,64,106,43,20,49,15,25,14,29,499,24,413,2,57,0,51,481,42,490,32,1,345,178
200902,2009,2,514,37,16,100,17,11,3,0,698,312,49,25,0,174,28,112,230,60,65,122,39,32,65,31,22,0,32,663,35,632,5,20,0,41,649,49,636,62,0,482,216
200903,2009,3,1431,112,61,161,49,16,10,10,1850,1133,238,72,47,43,44,276,411,143,194,424,84,148,197,82,57,39,71,1678,172,1702,7,26,3,112,1637,213,1590,249,11,1224,626
200904,2009,4,7870,580,224,1150,342,122,12,16,10316,6095,1015,299,190,534,389,1798,2644,558,1036,1984,884,861,1191,416,214,237,291,9304,1012,9560,74,89,19,574,9218,1098,8875,1395,46,5990,4326
200905,2009,5,12631,1061,338,1621,645,151,46,5,16498,5761,2946,1002,357,867,1355,4215,1047,881,1877,4138,607,3538,2032,866,543,518,451,12538,3960,14884,220,209,35,1150,15223,1275,13398,3050,50,10048,6450
200906,2009,6,15267,876,430,1505,1058,191,26,1,19354,8273,2798,1251,492,843,1359,4344,1954,1045,2507,4189,788,3678,2419,1117,493,606,558,15262,4092,17412,227,251,89,1375,17793,1561,15423,3883,48,11591,7763
200907,2009,7,20184,1117,638,2150,2216,412,33,2,26752,17614,1681,1335,486,496,1009,4138,8663,1074,2527,4053,3329,1545,2677,1197,452,535,700,24894,1858,25123,107,241,52,1229,24329,2423,22551,4143,58,15193,11559
200908,2009,8,27306,1187,1169,2606,2627,592,45,14,35546,23575,1750,4728,254,844,972,3431,7795,2365,4112,7934,4037,1034,4636,1285,604,723,1021,34145,1401,34233,59,254,37,963,32084,3462,28808,6649,89,20661,14885
200909,2009,9,16435,651,542,1500,1275,184,23,13,20623,10466,2554,1106,319,535,1224,4428,3003,797,2290,5385,761,2853,2774,1206,438,542,574,17289,3334,18889,199,197,52,1286,18551,2072,16817,3751,55,11973,8650
200910,2009,10,9357,531,237,942,537,106,15,6,11731,4681,1572,449,287,439,926,3387,987,469,1452,2911,502,2161,1509,667,369,312,392,9312,2419,9951,246,315,36,1183,10732,999,10141,1576,14,6989,4742
200911,2009,11,1960,79,62,139,75,21,10,7,2353,1068,198,104,89,42,159,704,219,189,326,473,109,282,321,144,139,45,106,2062,291,1869,58,117,8,301,2100,253,2133,215,5,1583,770
200912,2009,12,701,60,41,157,37,9,3,2,1010,597,41,38,19,65,35,227,108,88,113,239,49,66,134,88,58,19,48,932,78,853,19,59,3,76,923,87,884,122,4,716,294
201001,2010,1,866,65,35,111,99,10,1,1,1188,815,65,44,14,44,16,191,285,67,135,231,108,58,113,77,41,41,32,1097,91,1045,6,69,0,68,1122,66,1122,51,15,788,400
201002,2010,2,1256,44,42,228,43,26,1,0,1640,1070,66,45,18,222,20,201,452,108,177,341,102,78,144,68,86,27,57,1557,83,1493,5,37,1,104,1551,89,1533,103,4,1109,531
201003,2010,3,4014,391,148,850,278,180,15,7,5883,4635,327,64,66,168,63,563,1596,358,567,1306,328,366,547,317,177,184,137,5398,485,5552,10,83,1,237,5572,311,5466,415,2,3462,2421
201004,2010,4,13646,1111,468,3155,723,435,21,28,19587,14496,1081,324,186,876,566,2062,3266,1373,1886,4802,1312,1707,2369,1117,515,784,456,17338,2249,18518,95,163,23,788,18243,1344,17293,2085,209,11000,8587
201005,2010,5,20920,1598,785,3621,1201,499,101,121,28846,17304,2600,1170,408,850,1399,5120,1693,1560,3177,7633,908,4892,3637,2156,795,1605,790,22556,6290,26615,225,269,61,1676,27468,1378,24648,4073,125,16564,12282
201006,2010,6,23761,1661,1009,4250,2128,784,137,26,33756,20663,2439,1842,664,1665,1311,5178,3265,1670,3599,8675,1309,5203,4214,2457,893,1548,923,27328,6428,30958,245,452,64,2037,31976,1780,27891,5710,155,19477,14279
201007,2010,7,29378,2132,1166,5314,3251,1036,75,114,42466,30755,1630,1986,664,850,1232,5356,12830,1662,3503,7823,4356,2606,4329,2085,764,1401,1107,38801,3665,39832,168,341,81,2044,40058,2408,37649,4622,195,22571,19895
201008,2010,8,38930,3764,2041,7542,5907,1858,146,1346,61534,46088,1700,5953,273,1256,1617,4655,17662,3237,6158,13032,5551,1849,7004,2442,1052,1682,1865,58736,2798,59328,84,342,66,1714,58624,2910,53688,7644,202,33988,27546
201009,2010,9,27576,1495,1003,3890,2243,562,46,33,36848,23841,2574,1811,399,894,1444,5894,5090,1886,4612,8850,1207,4304,5270,2275,792,1542,1020,31043,5805,34266,216,262,83,2021,35027,1821,31665,5042,141,20157,16691
201010,2010,10,19588,1198,793,3074,1216,615,35,79,26598,17497,1663,787,461,660,1111,4429,2555,1607,3728,6093,989,3273,3681,1787,713,1388,784,22073,4525,23888,261,399,49,2001,25528,1070,23746,2732,120,14779,11819
201011,2010,11,5515,493,300,1139,378,178,53,19,8075,5975,250,162,112,141,303,1143,705,565,1270,2052,295,744,845,566,245,514,274,7004,1071,7299,62,191,15,508,7735,340,7505,543,27,4485,3590
201012,2010,12,3829,300,253,1080,196,279,7,23,5967,5218,74,46,45,146,55,395,848,360,857,1615,325,319,604,353,194,313,179,5436,531,5674,7,84,3,199,5769,198,5638,257,72,3330,2637
201101,2011,1,486,17,18,60,53,7,0,3,644,374,26,34,13,32,10,156,125,43,77,137,57,15,72,41,21,0,56,619,25,516,2,74,4,48,597,47,610,33,1,437,207
201102,2011,2,628,36,24,88,27,12,3,2,820,514,48,22,17,41,17,163,225,45,71,226,24,27,89,32,33,13,35,781,39,689,4,66,0,61,804,16,750,70,0,558,262
201103,2011,3,1913,283,81,605,75,41,18,7,3023,1510,250,80,82,601,47,456,955,223,327,524,165,139,299,130,144,43,74,2847,176,2736,10,93,7,177,2899,124,2472,550,1,1912,1111
201104,2011,4,9914,662,431,2374,511,209,42,11,14154,8291,1379,329,243,1148,403,2365,2954,552,1312,3250,1224,1131,2190,634,300,254,353,12695,1459,13056,80,168,38,812,13115,1039,12304,1813,37,7929,6225
201105,2011,5,14338,1396,452,2445,846,254,49,25,19805,7706,3059,1203,484,758,1375,5225,1434,637,1791,5598,674,4195,2673,1170,530,543,560,14680,5125,17575,251,323,88,1568,18989,816,16687,3063,55,11644,8161
201106,2011,6,18211,1264,641,3448,1291,316,43,25,25239,10236,3225,1904,703,1948,1510,5719,2553,750,2460,6727,1061,4673,3536,1524,605,665,685,19725,5514,22489,274,418,97,1961,24001,1238,19806,5384,49,15220,10019
201107,2011,7,22427,1093,1084,3014,2621,524,51,28,30842,20268,1643,1713,694,676,1033,4822,9138,870,2640,5453,3903,2038,3353,1516,520,650,761,28236,2606,28551,157,402,84,1648,28825,2017,26081,4709,52,17167,13675
201108,2011,8,29799,1438,1509,4424,3452,749,71,47,41489,26617,1902,4543,509,1502,1139,5285,8739,1742,4488,10072,4814,1448,5901,1688,744,788,1065,39470,2019,39122,111,434,62,1760,38537,2952,34064,7383,42,23665,17824
201109,2011,9,19114,860,876,3085,1655,342,53,38,26023,12568,3081,1522,0,985,1415,6461,3362,1084,3005,6575,1039,3657,3915,1503,542,622,719,21343,4680,23679,279,280,126,1659,24393,1630,21518,4446,59,14546,11477
201110,2011,10,12149,740,418,1948,752,186,46,4,16243,6922,1668,667,480,774,1013,4729,1734,622,2062,3750,686,2677,2339,916,508,346,603,12926,3317,13376,345,615,84,1823,15228,1015,14187,2009,47,9436,6807
201111,2011,11,2712,208,111,343,153,42,13,9,3591,1836,251,127,103,108,154,1023,461,162,419,960,159,339,479,195,193,76,148,3139,452,2944,74,212,7,354,3349,242,3264,318,9,2246,1345
201112,2011,12,1004,65,69,228,83,39,7,3,1498,982,63,40,32,78,50,265,166,133,215,348,79,60,235,86,89,28,59,1420,78,1332,3,67,3,93,1385,113,1328,170,0,1074,424
201201,2012,1,627,31,62,106,18,23,1,4,872,483,33,49,36,19,10,243,219,57,97,165,58,36,104,50,41,0,45,815,57,646,8,115,1,102,824,48,810,62,0,577,295
201202,2012,2,901,50,45,251,32,23,3,0,1305,587,62,23,19,322,19,275,465,73,109,219,97,54,145,34,55,0,54,1237,68,1123,6,73,2,101,1248,57,1221,78,6,821,484
201203,2012,3,2196,176,124,596,111,51,5,1,3260,1732,327,111,112,229,90,662,959,171,320,693,117,254,340,137,117,57,95,2950,310,2855,40,106,7,252,3088,172,2932,324,4,2006,1254
201204,2012,4,9748,865,446,2705,603,327,28,27,14749,7331,1325,512,385,1591,593,3016,2987,552,1430,3298,1291,1340,2098,659,407,348,339,12937,1812,13191,113,315,73,1057,13709,1040,12753,1953,43,8260,6489
201205,2012,5,15527,1258,600,2999,933,351,61,47,21776,7188,2901,1251,937,1101,1383,7020,1307,646,2569,5521,858,4651,3209,1041,634,649,691,15963,5813,18575,368,434,119,2280,20776,1000,18598,3147,31,12355,9421
201206,2012,6,18262,1275,713,3319,1510,317,77,44,25517,10551,2741,1658,1235,1445,1397,6496,2647,845,2711,6262,1118,4843,3335,1559,704,705,788,19647,5870,21790,358,612,142,2615,24212,1305,20853,4631,33,14948,10569
201207,2012,7,22396,1373,1168,4241,2804,655,86,95,32818,20157,1512,1776,1254,1278,975,5873,10826,929,2507,5480,4178,1975,3292,1268,711,638,1014,30254,2564,29626,228,499,152,2313,30627,2191,28690,4095,33,17741,15077
201208,2012,8,27799,1390,1743,5071,3786,1095,92,120,41096,25570,1735,4688,562,1833,1042,5674,9396,1963,4813,9398,4503,1412,5282,1446,925,735,1223,39038,2058,38788,160,546,72,1530,37851,3245,34557,6480,59,23175,17921
201209,2012,9,19884,848,1013,3354,1724,410,52,36,27321,12239,2698,1389,1008,1265,1418,7313,3591,1052,3727,6420,1071,3987,3858,1353,667,705,890,22056,5265,23828,355,457,123,2558,25675,1646,23266,4023,32,14856,12465
201210,2012,10,13601,634,478,2265,846,223,27,17,18091,6735,1986,695,1254,919,931,5581,1705,588,2637,4285,818,3050,2384,911,585,398,730,14090,4001,14175,508,585,116,2707,17265,826,15897,2140,54,10411,7680
201211,2012,11,3019,210,169,506,200,44,14,8,4170,1854,242,184,241,241,198,1221,432,279,606,1027,205,375,542,200,241,87,176,3686,484,3236,94,277,12,551,3963,207,3778,389,3,2646,1524
201212,2012,12,1024,50,43,211,70,58,9,18,1483,835,53,67,25,85,64,366,211,121,250,295,87,113,162,90,80,23,51,1342,141,1240,22,107,5,109,1394,89,1394,84,5,994,489
201301,2013,1,562,45,14,120,36,21,3,5,806,390,35,31,30,47,14,260,164,57,119,151,67,27,87,52,34,16,32,760,46,566,19,140,5,76,749,57,760,44,2,559,247
201302,2013,2,946,87,24,258,36,24,3,4,1382,604,55,26,34,284,24,357,542,80,108,278,64,30,111,44,51,0,74,1329,53,1154,8,114,5,101,1320,62,1260,112,10,873,509
201303,2013,3,4708,298,182,1487,198,316,11,28,7228,4439,455,139,237,808,73,1080,2313,279,768,1290,549,320,782,302,172,168,285,6778,450,6430,34,204,12,548,6713,515,6681,477,70,3871,3357
201304,2013,4,7832,535,390,2043,466,223,10,33,11532,4478,1200,487,549,1281,398,3143,1825,452,1498,2734,740,1464,1236,593,283,221,486,9634,1898,9836,195,276,41,1184,10896,636,9865,1600,67,6588,4944
201305,2013,5,18110,1307,654,3441,1172,427,69,25,25205,7961,3475,1579,1509,1068,1641,7977,1509,839,3899,5985,1063,5290,2947,1264,643,736,1030,18330,6875,20701,606,581,131,3186,24059,1146,22038,3016,151,13652,11553
201306,2013,6,20968,1408,827,4070,1533,465,56,47,29374,11383,2728,2184,2166,1867,1522,7530,3784,1069,3233,7045,1246,5532,3458,1521,763,743,980,22674,6700,23952,576,689,190,3967,27852,1522,24144,5061,169,16747,12627
201307,2013,7,25240,1424,1083,4815,2941,830,100,126,36559,22472,1582,2315,1645,1176,953,6423,12199,1102,2775,6205,4428,2411,3334,1449,774,695,1187,33295,3264,32591,339,571,127,2931,34221,2338,32356,3989,214,19228,17331
201308,2013,8,31609,1658,1855,6403,3867,1190,48,96,46726,29793,1854,5717,616,2083,1070,5601,11130,2167,5682,10619,5015,1702,5237,1781,1002,899,1492,44186,2540,44124,197,646,81,1678,43731,2995,40415,6176,135,25332,21394
201309,2013,9,22136,1064,1095,4119,1795,570,67,48,30894,14547,2614,1846,1378,1269,1225,8024,4067,826,3730,7982,1279,4527,4020,1820,740,739,1164,24801,6093,26522,671,467,136,3098,29459,1435,26768,4001,125,16378,14516
201310,2013,10,14891,728,542,2156,983,244,36,27,19607,6584,1887,1032,1646,598,1117,6753,1899,543,2343,4602,904,3758,2565,949,597,480,967,14926,4681,14625,808,644,105,3425,18816,791,17836,1692,79,10622,8985
201311,2013,11,3677,349,120,409,245,66,32,9,4907,2291,254,192,276,118,213,1574,741,88,602,1289,212,539,449,273,327,133,254,4236,671,3626,146,387,20,728,4689,218,4516,376,15,2943,1964
201312,2013,12,1139,113,93,229,42,28,9,6,1659,951,63,73,38,98,56,392,188,95,206,442,101,116,145,98,122,55,91,1472,187,1373,25,124,1,136,1567,92,1548,105,6,1077,582
201401,2014,1,609,25,58,136,43,32,2,1,906,416,22,69,29,49,18,304,236,43,114,191,74,37,78,42,32,0,59,844,62,634,16,145,2,109,863,43,862,43,1,596,310
201402,2014,2,679,92,27,114,35,22,0,1,970,495,42,34,22,27,22,330,338,25,98,225,43,64,45,31,42,0,59,883,87,757,18,137,2,56,913,57,945,24,1,623,347
201403,2014,3,2087,145,67,610,102,121,8,10,3150,1529,402,95,149,273,57,648,789,135,400,555,98,220,359,295,94,69,136,2849,301,2654,21,120,3,352,2968,182,2877,268,5,1959,1191
201404,2014,4,11383,799,469,3552,589,509,17,29,17347,8247,1257,973,588,1834,528,3924,3913,452,2370,3743,1522,1620,1813,619,322,336,637,15234,2113,15051,277,482,57,1480,16265,1082,15442,1779,126,9323,8024
201405,2014,5,18834,1292,742,4575,1206,506,120,79,27354,8736,2951,1898,1728,1694,1739,8613,1926,0,3721,6827,1119,6142,2990,1469,533,815,1812,19653,7701,22112,726,743,113,3660,25752,1602,24075,3129,150,15127,12227
201406,2014,6,23251,1361,1072,4566,1781,820,76,94,33021,12661,3074,2843,2412,1794,1673,8570,4206,0,3865,7937,1556,6311,3886,1890,729,819,1822,25111,7910,26843,840,889,150,4299,30926,2095,28274,4586,161,18218,14803
201407,2014,7,26105,1495,1526,5496,3189,1508,74,188,39581,23811,1411,2686,1877,1274,1180,7349,12726,0,3217,6904,4743,2861,3451,1950,793,706,2230,35838,3743,34881,409,750,106,3435,36606,2975,35640,3707,234,20817,18764
201408,2014,8,33983,1490,2140,7334,3939,2019,226,87,51218,31294,1970,7733,798,2212,1137,6082,12835,905,6136,11669,5367,1953,5779,2243,0,965,3366,48245,2973,48202,253,720,81,1962,47087,4131,44918,5834,466,27466,23752
201409,2014,9,23669,975,1358,5407,1918,962,72,96,34457,14744,3024,2442,1647,1484,1445,9680,4560,0,4174,8956,1359,5444,4558,1956,783,767,1900,27028,7429,28819,758,683,127,4070,32035,2422,30314,3821,322,17972,16485
201410,2014,10,16677,579,646,2827,1872,487,66,51,23205,8809,1787,1140,1947,678,1239,7615,2961,0,2927,6078,1151,4216,2586,1017,444,588,1237,17607,5598,17253,914,1063,127,3848,21804,1401,21371,1702,132,12246,10959
201411,2014,11,3528,146,133,556,272,116,43,9,4803,1922,325,219,316,192,237,1603,460,109,577,1520,214,553,560,227,256,106,221,4105,698,3470,167,445,14,707,4473,330,4488,305,10,2893,1910
201412,2014,12,1205,89,82,321,62,92,12,7,1870,961,78,109,64,145,69,456,274,68,294,447,94,96,289,106,112,35,55,1712,158,1518,24,153,4,171,1729,141,1733,127,10,1260,610
201501,2015,1,847,45,15,215,18,51,17,9,1217,493,52,80,65,69,20,439,290,25,229,250,95,32,115,72,46,0,63,1164,53,837,11,229,2,138,1091,126,1158,59,0,783,434
201502,2015,2,1129,61,24,244,54,23,3,6,1544,667,54,49,43,233,0,500,627,33,143,301,94,50,132,52,33,0,79,1471,73,1224,6,184,5,125,1422,122,1468,76,0,951,593
201503,2015,3,3418,199,217,921,132,148,12,33,5080,2891,437,151,183,449,54,918,1988,89,614,838,267,312,467,149,149,68,139,4665,415,4403,38,213,6,420,4667,413,4806,270,4,2832,2248
201504,2015,4,11433,746,700,3450,665,670,27,30,17721,8727,1508,663,684,1237,538,4368,3133,0,2796,4293,1273,1995,1638,811,356,390,1036,15055,2666,15113,285,596,106,1621,15985,1736,16180,1485,56,9186,8535
201505,2015,5,20534,1432,1086,5780,1298,779,75,92,31076,9039,3674,2250,2034,2292,1663,10129,2342,0,4391,8171,1268,6594,3329,1691,762,777,1751,22553,8523,24848,769,941,128,4390,28869,2207,27088,3943,45,17122,13954
201506,2015,6,25018,1339,1466,4911,1877,1060,79,173,35923,13709,2900,3226,2998,1677,1783,9636,4603,0,4690,7827,1689,6865,4223,2218,839,891,2078,27056,8867,28542,811,906,210,5454,33135,2788,31442,4431,50,19253,16670
201507,2015,7,27921,1893,2050,7446,3549,1812,70,53,44794,27071,1705,3193,2069,1540,1194,8029,15058,0,4321,6969,4971,3152,4600,2088,677,998,1960,40336,4458,39503,441,857,128,3865,41383,3411,41161,3589,44,22947,21847
201508,2015,8,33763,1494,2966,9209,4458,2584,132,188,54794,33222,2236,7964,774,2235,1582,6789,14025,1006,8537,11328,5569,2061,6231,2333,778,980,1946,51587,3207,51627,263,800,61,2043,49633,5161,49194,5500,100,29070,25724
201509,2015,9,24608,968,1837,6440,2159,1265,62,90,37429,15365,3220,2820,1947,1671,1497,10918,4831,0,5119,8435,1402,6154,5999,1992,669,823,2005,29152,8277,31174,836,791,203,4425,34390,3039,33588,3802,39,18949,18480
201510,2015,10,18457,736,843,3635,1207,580,59,59,25576,8030,2681,1363,2454,789,1262,9007,2654,0,3928,5860,1173,4887,3263,1244,587,560,1420,19264,6312,18538,896,1079,110,4953,24211,1365,23785,1740,51,13352,12224
201511,2015,11,3766,219,209,565,263,167,27,12,5228,2070,318,279,358,184,231,1799,622,104,614,1650,226,568,428,324,267,0,425,4507,721,3815,168,431,13,801,4911,317,4923,299,6,3104,2124
201512,2015,12,1328,90,59,322,128,106,16,13,2062,1096,83,111,60,105,73,546,305,74,379,547,131,127,163,129,102,0,105,1899,163,1653,29,188,5,187,1938,124,1911,149,2,1368,694
201601,2016,1,862,43,66,217,45,60,3,8,1304,579,61,86,50,69,0,460,253,61,209,301,99,45,111,89,51,0,85,1221,83,911,18,212,7,156,1195,109,1274,30,0,893,411
201602,2016,2,1195,40,38,286,40,117,12,5,1733,689,84,86,42,259,32,543,540,47,164,374,109,82,113,98,57,76,73,1600,133,1291,9,303,3,127,1599,134,1648,85,0,1113,620
201603,2016,3,7008,530,419,2243,316,507,29,15,11067,6834,819,247,284,885,0,2001,3534,0,1404,1853,988,509,1360,542,177,176,524,10285,782,9789,57,312,30,879,10006,1061,10348,698,21,5816,5251
201604,2016,4,9554,699,500,3315,533,470,19,10,15100,5134,1560,950,679,1510,666,4605,2304,0,2213,3387,825,2228,1941,843,257,343,759,11991,3109,12586,245,654,46,1569,13969,1131,13854,1215,31,8028,7072
201605,2016,5,21302,1230,1228,6399,1480,978,72,87,32776,9384,4042,2411,2375,1506,1486,11577,2294,0,5557,6603,1385,7222,4701,2171,514,757,1572,23300,9476,25390,1030,1172,133,5051,30632,2144,29790,2920,66,17073,15703
201606,2016,6,25615,1287,1604,6908,2268,1176,109,103,39070,14187,3310,3751,3193,2158,1745,10732,5574,0,5403,7700,1744,7838,4855,2396,630,1016,1914,29008,10062,30783,962,1148,156,6021,36292,2778,34758,4231,81,20553,18517
201607,2016,7,27768,1595,2076,8082,3745,1984,148,73,45471,26710,2033,3307,2322,1564,1124,8418,13983,0,5306,8223,4891,3255,4009,2567,669,857,1711,40691,4780,39630,444,855,133,4409,41757,3714,42047,3379,45,22993,22478
201608,2016,8,32226,1441,3035,9985,4416,2193,163,245,53704,32249,2376,7507,865,2236,1183,7296,12137,831,9074,11287,5699,2377,6355,2569,673,987,1715,50010,3694,50205,316,840,62,2281,48432,5272,48661,4967,76,27893,25811
201609,2016,9,25252,922,1771,8354,2397,1253,65,135,40149,15825,3671,3306,2365,1566,1196,12229,5282,0,6175,9346,1456,6310,5739,2519,633,825,1864,31112,9037,32869,944,801,139,5396,36631,3518,36557,3538,54,19668,20481
201610,2016,10,19050,881,987,4941,1567,682,53,61,28222,8728,2759,1649,2617,1147,1015,10317,2748,0,4701,6087,1242,5063,4239,1507,585,632,1418,21425,6797,20027,996,1414,130,5655,26477,1745,26341,1819,62,14405,13817
201611,2016,11,4407,206,262,972,317,174,40,16,6394,2320,407,509,384,218,245,2322,660,170,1109,1890,321,687,545,331,228,136,317,5423,971,4670,169,548,16,991,6002,392,6061,324,9,3740,2654
201612,2016,12,1836,193,103,436,165,109,10,12,2864,1591,98,135,60,127,76,789,580,113,445,689,163,199,281,125,92,0,177,2547,317,2221,31,226,8,378,2641,223,2686,141,37,1859,1005
201701,2017,1,841,23,54,293,52,63,15,13,1354,564,57,93,54,50,24,513,299,51,210,271,132,37,145,70,39,0,100,1281,73,934,23,246,5,146,1244,110,1299,53,2,914,440
201702,2017,2,1095,76,70,336,50,47,12,10,1696,692,91,77,54,145,0,639,483,39,210,394,88,170,128,55,45,0,84,1565,131,1199,16,298,0,183,1579,117,1639,57,0,1120,576
201703,2017,3,3004,173,155,1472,182,173,11,6,5176,2290,584,269,231,423,87,1295,1528,160,587,1192,242,435,366,268,103,0,295,4639,537,4313,38,252,11,562,4655,521,4902,262,12,2882,2294
201704,2017,4,16300,929,940,6679,900,1075,50,52,26925,12442,2331,1244,925,2777,628,6582,6258,0,3091,5962,2128,2388,3680,1288,401,492,1237,23506,3419,23146,333,756,123,2567,24113,2812,24845,2004,76,13422,13503
201705,2017,5,21512,1351,1452,8034,1696,1115,121,66,35347,9268,4304,2931,2685,1595,1489,13080,2252,0,3917,10359,1388,7867,4367,1988,592,827,1790,24894,10453,26467,1080,1409,188,6203,32636,2711,32377,2907,63,17858,17489
201706,2017,6,26205,1179,1929,8363,2323,1280,263,77,41619,14756,3967,3665,3797,1591,1568,12281,6268,0,3531,11184,1878,7598,4699,3056,675,862,1868,31654,9965,31602,1087,1275,257,7398,38155,3464,37928,3631,60,21077,20542
201707,2017,7,27061,1699,2453,9891,3816,2232,167,151,47470,27096,2168,3722,2505,1505,1131,9350,15417,0,3585,9387,5389,3260,4043,2892,526,866,2105,42551,4919,41010,522,1118,212,4608,43208,4262,44036,3272,162,23880,23590
201708,2017,8,32638,1472,3089,13322,4343,2557,129,130,57680,34198,2363,9262,1137,1679,1151,7898,14532,980,6864,14742,6053,2443,5352,3071,0,969,2674,53822,3858,53468,277,1030,127,2778,51464,6216,53349,4199,132,29892,27788
201709,2017,9,25677,957,2022,9533,2378,1428,105,89,42189,16720,3780,3419,2515,1410,1236,13118,5529,0,5296,11984,1619,6740,4662,2773,513,905,2168,32688,9501,34073,984,968,188,5976,38293,3896,38938,3203,48,20172,22017
201710,2017,10,20017,937,1151,6488,1570,1033,105,40,31341,10170,2837,1756,3105,1243,1107,11133,2831,0,4296,9032,1278,5904,3149,1970,539,647,1695,23245,8096,22067,1153,1491,153,6477,28769,2572,29442,1848,51,15802,15539
201711,2017,11,4650,241,285,1476,429,201,38,26,7346,2719,618,489,427,317,322,2465,630,0,1060,2097,279,888,1063,434,211,147,537,6198,1148,5385,157,670,22,1112,6795,551,7009,334,3,4289,3057
201712,2017,12,1737,101,84,676,97,117,76,5,2893,1564,127,146,87,206,72,703,450,89,492,621,158,164,445,183,101,0,190,2646,247,2316,68,240,2,267,2583,310,2726,163,4,1862,1031
201801,2018,1,995,60,108,311,58,76,15,4,1627,681,65,117,46,57,33,629,366,33,160,336,161,75,204,84,59,20,129,0,0,1113,27,257,2,228,1449,178,1576,51,0,1046,581
201802,2018,2,1110,89,70,746,66,74,10,16,2181,791,129,113,45,342,62,701,599,70,232,485,116,146,222,90,51,50,120,0,0,1646,14,285,16,220,2020,161,2081,96,4,1332,849
201803,2018,3,6417,338,322,3070,350,442,47,70,11056,6215,944,295,405,980,122,2098,3940,163,1421,1847,927,583,1060,586,136,128,265,0,0,9609,74,304,30,1039,10019,1037,10720,332,4,5736,5320
201804,2018,4,11944,762,801,6707,736,925,66,127,22068,7794,2510,1322,975,2127,565,6779,3714,152,2733,5183,1483,2882,2797,1526,287,429,882,0,0,18213,405,773,136,2541,20155,1913,20795,1227,46,10766,11302
201805,2018,5,23848,0,1715,10496,1728,0,2878,0,40665,11257,5124,3220,2936,0,1521,16612,3015,0,4815,11571,0,8860,4237,0,0,0,8167,28984,11681,30602,1078,1689,0,7022,37487,3178,37689,2923,53,19846,20819
201806,2018,6,27346,1363,1958,10312,2631,1737,163,175,45685,17420,3673,3917,4089,1807,1524,13261,6858,490,4981,12467,2087,8567,3832,2969,623,1139,1672,0,0,34943,1109,1755,259,7619,41352,4333,41857,3789,39,22743,22942
201807,2018,7,27416,1571,2555,11999,3963,2958,233,172,50867,30187,2231,3565,2516,1520,971,9884,16232,363,5038,10153,5936,3603,3519,2775,531,901,1816,0,0,44197,514,1079,302,4775,46041,4826,48035,2720,112,24835,26032
201808,2018,8,33381,1568,3507,13948,4762,2998,119,132,60415,36422,2319,8417,1114,2205,1100,8846,13625,1095,8407,15595,6523,2774,5729,2935,613,1124,1995,0,0,55714,286,1094,180,3141,53981,6434,56421,3883,111,30448,29967
201809,2018,9,26197,981,2211,13048,2548,1783,94,144,47006,18491,4162,3498,2799,1607,1341,15117,6141,570,6184,13841,1827,7422,4622,2945,555,976,1923,0,0,37204,1144,1117,409,7132,42444,4562,43645,3299,62,22353,24653
201810,2018,10,21345,753,1426,8857,1672,1282,107,160,35602,11038,3498,1836,3104,1848,1185,13103,3110,306,5058,10231,1636,6850,3482,1806,639,848,1636,0,0,25496,1267,1852,273,6714,32471,3131,33489,2045,68,17484,18118
201811,2018,11,4718,320,240,1609,425,265,48,26,7651,2698,531,546,466,347,288,2786,746,102,1330,2178,321,799,898,473,241,136,427,0,0,5507,219,724,23,1178,7005,646,7300,331,20,4307,3344
201812,2018,12,1482,85,125,559,101,160,34,7,2553,1145,110,163,87,120,63,877,327,39,426,723,132,191,283,137,118,38,139,0,0,1872,44,303,9,325,2332,221,2455,90,8,1644,909
201901,2019,1,905,56,54,449,73,89,16,9,1651,638,86,104,60,83,25,656,270,32,273,446,144,78,179,110,33,12,74,1520,131,1125,27,269,2,228,1502,149,1599,51,1,1088,563
201902,2019,2,1235,59,90,559,54,101,14,7,2119,913,134,90,64,125,37,758,537,26,300,513,137,168,170,92,71,28,77,1889,230,1535,17,359,3,205,1848,271,2063,55,1,1245,874
201903,2019,3,3724,330,225,2583,165,382,45,20,7474,3113,961,301,367,774,100,1861,1897,87,1218,1598,364,654,703,356,135,145,317,6534,940,6215,63,307,35,854,6750,724,7118,329,27,3922,3552
201904,2019,4,17119,980,1244,9823,914,1435,143,64,31722,12976,2798,1683,1171,3686,604,8808,6709,391,4489,7243,2582,3218,3293,1599,360,541,1297,27019,4703,26875,441,999,172,3235,28083,3639,30113,1543,66,15209,16513
201905,2019,5,25706,1430,1911,13407,1992,1742,371,114,46673,13130,4986,3537,3500,2120,1669,17736,4093,555,6632,12594,1861,10311,4676,2424,628,1002,1897,32942,13731,34991,1195,2288,331,7868,41647,5026,43834,2752,87,22508,24165
201906,2019,6,28028,1455,2200,12273,2768,1929,182,223,49058,17857,4178,3642,4240,2605,1488,15054,7757,620,5688,10998,2615,8782,5711,3044,623,1051,2169,37245,11813,37020,1108,2139,398,8393,43496,5562,44860,4100,98,24339,24719
201907,2019,7,27802,1672,2569,13367,4326,2754,281,548,53319,31066,2391,3642,2606,1723,1157,10741,17184,531,4718,9085,6543,3916,4510,3015,475,986,2356,47347,5972,45856,564,1570,278,5051,47518,5801,50648,2516,155,25778,27541
201908,2019,8,33089,1201,3563,16672,4109,3660,179,341,62814,36564,2383,9189,1245,2596,1280,9565,14179,944,8594,16600,6697,2997,5955,2856,545,1006,2441,57818,4996,57507,319,1502,233,3253,55136,7678,58921,3709,184,31357,31457
201909,2019,9,25010,761,2112,13214,2335,1991,119,111,45653,16429,4042,3662,3306,1528,1171,15524,5851,475,7529,11712,1837,7423,4768,2723,492,925,1918,34873,10780,34940,1154,1529,519,7511,41452,4201,43021,2565,67,20746,24907
201910,2019,10,20796,884,1339,9798,1747,1242,242,70,36118,9718,3589,2198,3512,1565,1286,14260,3274,206,7157,8991,1522,7311,2710,1908,623,749,1667,25983,10135,24871,1103,2505,295,7344,32250,3868,34553,1527,38,17316,18802
201911,2019,11,4969,264,323,1887,398,319,96,18,8274,2804,526,511,490,473,344,3137,635,106,2245,2224,338,934,637,375,278,148,354,6888,1386,5617,212,1058,50,1337,7330,944,7951,323,0,4589,3685
201912,2019,12,1557,109,85,617,140,138,41,23,2710,1148,93,190,91,172,87,941,299,56,615,754,109,178,313,134,87,41,124,2424,286,1938,56,414,21,281,2419,291,2607,93,10,1685,1025
202001,2020,1,1091,51,45,529,101,137,39,8,2001,658,99,174,72,80,41,878,329,35,367,537,143,98,204,90,59,28,111,1829,172,1248,44,440,5,264,1784,217,1935,66,0,1236,765
202002,2020,2,1666,83,96,923,60,179,50,19,3076,1142,183,164,70,466,37,1016,908,56,426,757,235,146,214,110,79,29,116,2829,247,2325,18,442,9,282,2698,378,2962,101,13,1835,1241
202003,2020,3,1060,65,80,565,51,108,4,15,1948,897,220,63,85,115,32,539,450,67,317,494,95,144,134,78,62,38,69,1749,199,1586,15,124,2,221,1725,223,1890,58,0,1062,886
202006,2020,6,5,0,1,1,1,4,0,0,12,11,0,0,0,0,0,7,0,0,3,1,1,2,0,3,0,0,2,0,0,12,0,0,0,0,12,0,12,0,0,9,3
202007,2020,7,5326,220,658,2129,600,708,91,20,9752,7859,336,321,43,303,161,736,1530,88,835,1880,684,336,630,382,138,80,3169,0,0,9455,4,42,12,239,7660,2092,8998,736,18,5400,4352
202008,2020,8,10446,310,1422,4455,1803,972,254,150,19812,15168,642,1203,84,732,428,1563,767,96,545,1422,354,281,368,207,91,87,15594,10,2,19074,18,73,25,622,14726,5086,17988,1798,26,10599,9213
202009,2020,9,5456,206,691,2598,743,547,177,23,10441,7275,479,411,41,662,336,1246,221,36,213,738,40,379,214,158,51,49,8342,9116,636,9955,15,50,14,407,7414,3027,9302,1123,16,5838,4603
202010,2020,10,3416,140,391,1688,393,268,94,28,6418,3825,330,311,51,590,386,935,31,31,122,420,26,258,103,56,34,17,5320,18694,1118,6089,11,34,13,271,4527,1891,5824,581,13,3816,2602
202011,2020,11,408,30,14,61,51,8,13,0,585,181,49,58,0,18,95,195,5,3,20,51,0,21,14,4,7,0,460,9150,1291,525,5,12,1,42,422,163,559,18,8,371,214
202012,2020,12,32,20,1,39,1,1,5,0,99,45,6,1,1,5,10,43,5,0,13,11,3,2,4,4,0,0,57,5579,839,83,1,9,0,6,80,19,87,12,0,55,44
202101,2021,1,28,4,3,17,3,5,0,0,60,27,9,0,2,9,2,12,2,0,8,4,0,3,0,0,4,0,39,529,56,54,0,1,0,5,50,10,57,2,1,45,15
202102,2021,2,9,0,2,3,0,0,0,0,14,4,0,1,0,0,4,7,0,0,1,1,0,0,1,0,1,0,10,96,3,13,0,0,0,1,12,2,12,2,0,10,4
202103,2021,3,121,5,10,24,0,29,5,0,194,155,5,4,1,0,3,29,5,6,14,19,2,8,8,2,6,5,119,56,4,175,0,4,0,15,143,51,187,5,2,105,89
202104,2021,4,519,66,62,235,28,78,21,15,1024,808,42,18,25,23,17,95,21,14,32,61,14,25,16,6,9,5,821,14,0,956,0,8,1,59,757,267,996,26,2,486,538
202105,2021,5,2258,165,273,1005,168,346,65,15,4295,3024,130,102,19,474,79,472,20,5,58,139,12,62,30,12,6,12,3939,175,19,4119,1,23,4,148,3226,1069,3898,387,10,2155,2140
202106,2021,6,8092,467,758,3683,721,730,317,56,14824,10382,424,440,162,1717,362,1343,557,18,95,356,63,262,43,96,14,10,13310,942,82,14229,9,46,13,527,11491,3333,13277,1473,74,7809,7015
202107,2021,7,18869,648,2111,7320,2148,2155,393,319,33963,25750,830,1234,748,1131,862,3415,1421,0,411,1266,269,841,244,250,57,95,29109,3667,628,32004,29,155,52,1723,27409,6554,31763,2148,52,16499,17464
202108,2021,8,24262,713,2661,9566,2613,3052,607,101,43575,34381,878,2404,543,1297,707,3373,1129,0,256,907,177,562,173,194,0,60,40117,12456,2368,41800,17,193,53,1511,35260,8315,41332,2132,111,21313,22262
202109,2021,9,20796,591,2097,9049,1946,2089,772,123,37463,23830,1823,1692,1741,1551,996,5839,683,0,373,1120,101,1563,192,125,0,80,33226,30434,3529,33836,31,212,47,3337,29562,7901,35150,2240,73,18727,18735
202110,2021,10,16721,898,1635,8190,1424,1620,554,128,31170,16586,1901,1303,1952,2406,980,6052,174,0,339,698,99,1252,176,125,58,75,28174,40084,3491,26840,38,238,39,4015,24749,6421,29236,1875,59,16241,14929
202111,2021,11,4735,304,422,2281,391,685,237,39,9094,5020,428,481,409,620,351,1796,36,0,114,282,31,239,52,53,15,22,8250,29405,8058,7756,9,198,19,1112,7139,1955,8679,405,10,4857,4237
202112,2021,12,691,41,48,278,40,66,28,1,1193,809,32,46,24,70,52,172,9,0,8,54,0,21,5,0,0,0,1096,23308,7862,1084,5,22,3,79,906,287,1168,21,4,678,515
202201,2022,1,860,57,55,392,49,115,86,3,1617,993,30,104,78,63,22,328,35,2,35,71,10,23,14,25,5,6,1391,7321,1773,1347,5,51,0,214,1260,357,1585,29,3,917,700
202202,2022,2,880,78,179,658,62,117,59,1,2034,1164,103,70,44,176,46,433,58,0,47,114,25,40,29,9,18,0,1694,1059,134,1735,5,61,3,230,1574,460,1959,62,13,1166,868
202203,2022,3,3921,161,286,2285,192,373,153,18,7389,3843,651,235,324,704,137,1498,352,0,102,365,66,244,74,44,26,29,6087,1484,133,6302,19,98,19,951,5664,1725,7177,197,15,3896,3493
202204,2022,4,18330,989,1270,10284,950,1763,531,166,34283,18427,2213,1184,1604,3206,586,7067,1041,0,421,1074,216,1044,300,216,0,78,29893,1797,237,29635,101,552,86,3909,26131,8152,32674,1522,87,15639,18644
202205,2022,5,25907,1282,2487,13738,1736,2388,574,142,48254,18258,4457,3042,3882,2035,1589,14996,1071,83,1196,2332,284,4089,517,267,100,190,38125,6285,1104,37865,286,1208,174,8721,37554,10700,45264,2880,110,22796,25458
202206,2022,6,31598,1536,2487,15756,2664,2502,1345,124,58012,27075,3911,3548,4908,3794,1812,12970,1643,107,1265,2944,463,4122,842,751,153,250,45472,28796,5487,47309,510,999,188,9006,44952,13060,53359,4417,236,28175,29837
202207,2022,7,34839,1613,3327,17899,4258,3905,1170,363,67374,45379,2059,3417,3547,1742,1303,9934,1925,0,629,2534,770,1775,439,328,89,125,42465,32875,15379,59466,277,847,258,6526,52851,14523,63952,3222,200,31151,36223
202208,2022,8,40745,2137,5532,23730,4756,6590,2014,338,85842,61542,2103,8314,1374,2638,1344,8535,1853,0,777,2862,646,1166,522,230,0,0,77786,43092,14920,80892,240,833,129,3748,66850,18992,81945,3703,194,40301,45541
202209,2022,9,33556,1069,3055,20249,2822,3572,1604,269,66196,33287,4017,3898,4473,2154,1506,16870,411,114,988,2411,250,2740,371,214,96,145,58456,59061,8313,53939,642,1126,305,10184,49935,16261,62228,3777,191,30514,35681
202210,2022,10,28086,955,2041,14929,2322,2030,856,137,51356,20979,3013,2512,4992,2919,1515,15436,236,91,645,1571,213,2345,423,170,95,119,45448,78706,7136,38049,693,2249,247,10118,38861,12495,48788,2522,46,24511,26845
,,,,,,,,,,,,,,,,,,,,,,,,,,,,,,49524,16672,,,,,,,,,,,,
,,,,,,,,,,,,,,,,,,,,,,,,,,,,,,37252,14104,,,,,,,,,,,,
